create database customer;
drop database northwind;

use customer;
CREATE TABLE customers (customer_id VARCHAR(10) PRIMARY KEY,
    company_name VARCHAR(100),
    contact_name VARCHAR(100),
    country VARCHAR(50),
    city VARCHAR(50),
);

CREATE TABLE categories (
    category_id INT PRIMARY KEY,
    category_name VARCHAR(50),
    description TEXT
);

CREATE TABLE products (
    product_id INT PRIMARY KEY,
    product_name VARCHAR(100),
    category_id INT,
    unit_price DECIMAL(10,2),

    CONSTRAINT fk_products_category
    FOREIGN KEY (category_id)
    REFERENCES categories(category_id)
);

CREATE TABLE orders (
    order_id INT PRIMARY KEY,
    customer_id VARCHAR(10),
    order_date DATE,
    ship_country VARCHAR(50),
    ship_region VARCHAR(50),

    CONSTRAINT fk_orders_customer
    FOREIGN KEY (customer_id)
    REFERENCES customers(customer_id)
);

INSERT INTO customers (customer_id, company_name, contact_name, country, city)
VALUES
('ALFKI', 'Alfreds Futterkiste', 'Maria Anders', 'Germany', 'Berlin'),
('ANATR', 'Ana Trujillo Emparedados', 'Ana Trujillo', 'Mexico', 'Mexico City'),
('BERGS', 'Berglunds snabbköp', 'Christina Berglund', 'Sweden', 'Luleå');

INSERT INTO categories (category_id, category_name, description)
VALUES
(1, 'Beverages', 'Soft drinks, coffees, teas'),
(2, 'Condiments', 'Sweet and savory sauces'),
(3, 'Produce', 'Dried fruit and bean curd');

INSERT INTO products (product_id, product_name, category_id, unit_price)
VALUES
(1, 'Chai', 1, 18.00),
(2, 'Chang', 1, 19.00),
(3, 'Aniseed Syrup', 2, 10.00),
(4, 'Chef Anton’s Cajun Seasoning', 2, 22.00),
(5, 'Tofu', 3, 23.25);

INSERT INTO orders (order_id, customer_id, order_date, ship_country, ship_region)
VALUES
(10248, 'ALFKI', '1996-07-04', 'Germany', 'Europe'),
(10249, 'ANATR', '1996-07-05', 'Mexico', 'North America'),
(10250, 'BERGS', '1996-07-08', 'Sweden', 'Europe');

SELECT o.order_id, o.order_date, c.customer_id, c.company_name, c.country FROM orders o INNER JOIN customers c ON o.customer_id = c.customer_id;

SELECT COUNT(*) FROM orders;
SELECT COUNT(*) FROM orders o INNER JOIN customers c ON o.customer_id = c.customer_id;

SELECT c.customer_id, c.company_name FROM customers LEFT JOIN orders o WHERE o.order_id IS NULL;

SELECT p.product_name, SUM(od.unit_price * od.quantity * (1 - od.discount)) AS total_revenue 
FROM order_details od INNER JOIN products p ON od.product_id = p.product_id GROUP BY p.product_name ORDER BY total_revenue DESC;

SELECT c.category_name,SUM(od.unit_price * od.quantity * (1 - od.discount)) AS category_revenue FROM order_details od
INNER JOIN products p ON od.product_id = p.product_id INNER JOIN categories c ON p.category_id = c.category_id GROUP BY c.category_name
ORDER BY category_revenue DESC;

SELECT c.country, SUM(od.unit_price * od.quantity) AS total_sales FROM orders o INNER JOIN customers c ON o.customer_id = c.customer_id
INNER JOIN order_details od ON o.order_id = od.order_id WHERE c.country = 'USA' AND o.order_date BETWEEN '1997-01-01' AND '1997-12-31'
GROUP BY c.country;

c alias as customers,o alias as orders, p alias as products, od alias as order_details;

SELECT 
    p.product_name,
    SUM(od.unit_price * od.quantity) AS total_revenue
FROM order_details od
JOIN products p ON od.product_id = p.product_id
GROUP BY p.product_name
INTO OUTFILE 'C:/ProgramData/MySQL/MySQL Server 8.0/Uploads/joined_output.csv'
FIELDS TERMINATED BY ','
ENCLOSED BY '"'
LINES TERMINATED BY '\n';















